{"cameraMode":{"drawMode":0,"name":"Shaded","section":"Shading Mode"},"sceneLighting":false,"audioPlay":false,"sceneViewState":{"showFog":true,"showMaterialUpdate":false,"showSkybox":false,"showFlares":true,"showImageEffects":true,"showParticleSystems":true},"in2DMode":false,"pivot":{"x":-1.0256356000900269,"y":1.6979641914367676,"z":-0.9128237962722778},"rotation":{"x":0.03820803761482239,"y":-0.8699365854263306,"z":0.06826601177453995,"w":0.48693832755088808},"size":0.3132913112640381,"orthographic":false}