{"cameraMode":{"drawMode":0,"name":"Shaded","section":"Shading Mode"},"sceneLighting":false,"audioPlay":false,"sceneViewState":{"showFog":true,"showMaterialUpdate":false,"showSkybox":false,"showFlares":true,"showImageEffects":true,"showParticleSystems":true},"in2DMode":false,"pivot":{"x":-0.6767626404762268,"y":0.22644197940826417,"z":-0.8848204612731934},"rotation":{"x":-0.06027619168162346,"y":0.457511842250824,"z":-0.030961479991674424,"w":-0.886718213558197},"size":2.2567427158355715,"orthographic":false}