{"cameraMode":{"drawMode":0,"name":"Shaded","section":"Shading Mode"},"sceneLighting":true,"audioPlay":false,"sceneViewState":{"showFog":true,"showMaterialUpdate":false,"showSkybox":true,"showFlares":true,"showImageEffects":true,"showParticleSystems":true},"in2DMode":false,"pivot":{"x":-2.140845775604248,"y":3.944145441055298,"z":-2.243746757507324},"rotation":{"x":0.07223595678806305,"y":-0.022344069555401803,"z":0.0015522328903898597,"w":0.9972345232963562},"size":2.7990379333496095,"orthographic":false}