{"cameraMode":{"drawMode":0,"name":"Shaded","section":"Shading Mode"},"sceneLighting":true,"audioPlay":false,"sceneViewState":{"showFog":true,"showMaterialUpdate":false,"showSkybox":true,"showFlares":true,"showImageEffects":true,"showParticleSystems":true},"in2DMode":false,"pivot":{"x":7.776313304901123,"y":-2.926619529724121,"z":5.3202290534973148},"rotation":{"x":0.2200288325548172,"y":0.41790077090263369,"z":-0.10506659001111984,"w":0.875164270401001},"size":7.586129188537598,"orthographic":false}