{"cameraMode":{"drawMode":0,"name":"Shaded","section":"Shading Mode"},"sceneLighting":true,"audioPlay":false,"sceneViewState":{"showFog":true,"showMaterialUpdate":false,"showSkybox":true,"showFlares":true,"showImageEffects":true,"showParticleSystems":true},"in2DMode":false,"pivot":{"x":-0.668535053730011,"y":0.8683438897132874,"z":-26.807498931884767},"rotation":{"x":-0.10314221680164337,"y":0.09592809528112412,"z":-0.009990844875574112,"w":-0.989992618560791},"size":1.1182081699371338,"orthographic":false}